Model Name,Loss,Accuracy,Precision,Recall
DQN,0.5800435269350096,0.8253125,,
DQN,0.5831860194767239,0.8220089285714286,,
DQN,0.5698846258721035,0.8644196428571429,,
DQN,0.5685288699996596,0.8662946428571429,,
DQN,0.5639490819346563,0.8729017857142857,,
DQN,0.5663173871978094,0.8672321428571429,,
DQN,0.5680916323624468,0.8639732142857143,,
DQN,0.5685844486099617,0.8629017857142857,,
DQN,0.5686113876817808,0.8631696428571428,,
DQN,0.569587295874677,0.86125,,
DQN,0.6421813048540149,0.7147321428571428,0.7286005818174179,0.6842593335146276
DQN,0.6412093753146441,0.715625,0.7301498010908263,0.6825175578979422
DQN,0.6278301767751661,0.7373214285714286,0.7420658725210718,0.6821444610958912
DQN,0.6308029550398652,0.7454464285714286,0.7426117143334555,0.6986367974218637
DQN,0.6456451545472855,0.721875,0.7354692161921285,0.7089069461153011
DQN,0.6481965432604532,0.7178125,0.7298630825316278,0.7157981474649947
DQN,0.6456045346959474,0.7247767857142857,0.7264970403894413,0.7227777054542748
DQN,0.6290833209720422,0.7695089285714286,0.7268507544583068,0.7396870435933826
DQN,0.6262202212226815,0.7777232142857143,0.727491320733222,0.7549045336102321
DQN,0.6213484706739211,0.7924107142857143,0.7284859334999086,0.770603003418615
DQN,0.6221640445914874,0.7934821428571428,0.7289287028890192,0.7845694327910657
DQN,0.6206606350158163,0.7949553571428571,0.7296219164434984,0.7957986083524026
DQN,0.6198810020368153,0.7961607142857143,0.7303254833044882,0.8052796198031582
DQN,0.6204216951834709,0.7942857142857143,0.7308939587752032,0.8130358208773798
DQN,0.620410970673921,0.7942857142857143,0.7313809435430351,0.8197516852678955
DQN,0.6204556135310639,0.7941964285714286,0.7317961384049616,0.825622627096977
DQN,0.6203324094691852,0.7944642857142857,0.7321697963840721,0.8308241082690153
DQN,0.6201216645119642,0.7948214285714286,0.732521677587269,0.8354523853017112
DQN,0.620083256319068,0.7948660714285715,0.7328384264446731,0.839588894636128
DQN,0.6200662971452715,0.7949107142857142,0.7331221414691163,0.8433163005587038
DQN,0.6210229901536496,0.7920535714285715,0.733334335033874,0.8463655095067357
DQN,0.624189865808293,0.7836607142857143,0.7333538256578616,0.8483667644378623
DQN,0.6259197015355366,0.7791071428571429,0.7332806690156116,0.8497985856114537
DQN,0.6263686195374359,0.7778125,0.7331952175170616,0.8509884827366119
DQN,0.626368619537436,0.7778125,0.7331168267220921,0.8520831880917574
DQN,0.6260640990206261,0.7783035714285714,0.733068472351115,0.853093685342661
DQN,0.625981047970587,0.7784375,0.7330300922402568,0.8540293309453494
DQN,0.62601496631818,0.7783482142857143,0.7329930030591283,0.854891668808971
DQN,0.6258403735431338,0.7776785714285714,0.732997239863892,0.855525228371705
DQN,0.6274140870683219,0.7737053571428572,0.73293335300762,0.8558690441168051
DQN,0.6288104849682437,0.7708482142857143,0.7327982597483811,0.8560900805899212
DQN,0.6286443828681656,0.7711160714285714,0.7326821757652136,0.8562973022834677
DQN,0.6278138723677749,0.7724553571428572,0.7326241064742732,0.856491965086496
DQN,0.6288104849682435,0.7708482142857143,0.7325102726951497,0.8566751771364052
DQN,0.6288104849682438,0.7708482142857143,0.7324030203487738,0.8568479199263196
DQN,0.6288212094777935,0.7708482142857143,0.7323007866652969,0.8570135047551568
DQN,0.6288212094777935,0.7708482142857143,0.7322041415735365,0.8571701390527057
DQN,0.6287087299254647,0.7711160714285714,0.7321167750183178,0.8573301569850865
DQN,0.6287042400801615,0.7710714285714285,0.7320352106732262,0.8574751026564507
DQN,0.628739647650809,0.7703571428571429,0.7319690687154922,0.857528018207453
DQN,0.6286289129174235,0.7705357142857143,0.7319115795561423,0.8575783525120646
DQN,0.6289957800767,0.7695982142857143,0.7318457290504762,0.8575836431011823
DQN,0.6295447083024348,0.768125,0.7317680649076654,0.8575178944204367
DQN,0.629985646821144,0.7669642857142858,0.7316819433448796,0.8574027186121804
DQN,0.6327392676404244,0.7596875,0.7315264339554408,0.8569677888627021
DQN,0.6327392676404244,0.7596875,0.731377597102525,0.8565517691023313
DQN,0.6327392676404244,0.7596875,0.7312350123482707,0.8561534523104871
DQN,0.6328776860571562,0.7594642857142857,0.7310925005833402,0.8557717320516361
DQN,0.6334542979662374,0.7579464285714286,0.7309415535384265,0.855343563950838
DQN,0.6334542979662374,0.7579464285714286,0.730796558420763,0.8549325225740719
DQN,0.6348404603722477,0.7542410714285714,0.7306250586225963,0.8543886418871759
DQN,0.6370112346182004,0.7485267857142858,0.7304094134391648,0.85364606943349
DQN,0.6381983767839557,0.7454017857142857,0.7301744035686486,0.8528134545898897
DQN,0.6396122228733124,0.7416517857142857,0.7299163431451221,0.8518710659466774
DQN,0.641172466862591,0.7375446428571428,0.7296326987617254,0.8508137313307632
DQN,0.6411724668625909,0.7375446428571428,0.7293587220813093,0.8497941586654171
DQN,0.6411894260363874,0.7375,0.7290935497596416,0.8488087749522502
DQN,0.6413250994267594,0.7371428571428571,0.728834238407763,0.8478449910923124
DQN,0.642347139699853,0.7345089285714286,0.7285612081577733,0.8468275213441807
DQN,0.6433816493014398,0.7317857142857143,0.7282756210161945,0.8457531437190761
DQN,0.6442126488174686,0.7295982142857143,0.7279821801906685,0.8446424173441476
DQN,0.6446705465099744,0.7283928571428572,0.7276885686480074,0.8435287563614999
DQN,0.6458916070233226,0.7251785714285715,0.7273796844314611,0.8423482446888654
DQN,0.6465824433036762,0.7233035714285714,0.7270672563539221,0.8411433963883412
DQN,0.647854381338414,0.7199553571428572,0.7267395978642688,0.8398727700926205
DQN,0.647956136381193,0.7196875,0.7264193044162585,0.838632581034052
DQN,0.6480177384121324,0.7195535714285715,0.7261064698731107,0.8374267560871733
DQN,0.6480900649526217,0.7194196428571429,0.7258002523328064,0.836255088227386
DQN,0.6481454323193143,0.7193303571428571,0.725500710439163,0.8351173817548391
DQN,0.6486918711145786,0.7182589285714286,0.7251953850350757,0.8339982538069334
DQN,0.6486918711145786,0.7182589285714286,0.7248981182808488,0.8329106505899543
DQN,0.6487365139717214,0.7181696428571429,0.72460750917273,0.8318520033643293
DQN,0.6488213098407039,0.7179464285714285,0.7243229027635639,0.8308162082604478
DQN,0.6489462587215261,0.7175892857142857,0.7240436381051645,0.8297975040652737
DQN,0.6489462587215261,0.7175892857142857,0.7237713661646186,0.8288059653153041
DQN,0.6489462587215261,0.7175892857142857,0.7235058275402233,0.8278405196903337
DQN,0.6490140954167121,0.7174107142857142,0.7232456654229888,0.8268955860080609
DQN,0.6492684830236598,0.7167410714285715,0.7229875816053571,0.8259576455276529
DQN,0.6492684830236596,0.7167410714285715,0.7227356428184092,0.8250434503758629
DQN,0.649563023642447,0.7159375,0.7224851519799519,0.8241308531742356
DQN,0.6522256139284981,0.7089285714285715,0.7221983826474774,0.8230679773970917
DQN,0.654584683905156,0.7026339285714286,0.7218818918102622,0.8218743173827113
DQN,0.6548899490334931,0.7018303571428571,0.7215676608545897,0.8206900229004733
DQN,0.6549408265548826,0.7016964285714286,0.7212595345321957,0.8195307917336475
DQN,0.655002428585822,0.7015625,0.720956884409962,0.8183967404291289
DQN,0.6550533061072115,0.7014285714285714,0.7206599319099092,0.8172859419725014
DQN,0.6551211428023975,0.70125,0.7203682560635987,0.8161966142214706
DQN,0.6552228978451766,0.7009821428571429,0.72008119236213,0.8151260005151919
DQN,0.663664076550533,0.6787053571428572,0.7196770053999707,0.8135772852165298
DQN,0.6635962398553472,0.6788839285714285,0.7192817338161436,0.8120669619728001
DQN,0.6636471173767367,0.67875,0.7188934210567344,0.8105869421808518
DQN,0.6638675866360912,0.6781696428571429,0.7185094306162041,0.8091264616667724
DQN,0.6638675866360911,0.6781696428571429,0.7181327485683778,0.8076973893357914
DQN,0.6638845458098876,0.678125,0.7177629257853341,0.8062977552412995
DQN,0.6636800355169135,0.6784375,0.7174046085776409,0.8049266709993027
DQN,0.6637077192002597,0.6783928571428571,0.7170523242434277,0.8035841510123477
DQN,0.6638049843977356,0.6780803571428572,0.71670557715242,0.8022610157926414
DQN,0.6638219435715321,0.6780357142857143,0.7163648968454973,0.8009640154780165
DQN,0.6638219435715321,0.6780357142857143,0.7160303386431255,0.7996932171899498
DQN,0.6638389027453286,0.6779910714285714,0.7157015126539127,0.7984469451879291
DQN,0.6513238958337192,0.7062958274990608,0.7225278612656008,0.7960037735131343
DQN,0.6648890597067759,0.6912053571428571,0.6704785935689617,0.7518635699109242
DQN,0.664983579877892,0.6907589285714286,0.6704428090082246,0.7511045059187245
DQN,0.6495385740010984,0.7152678571428571,0.6805773448252662,0.7501680479085763
DQN,0.6499248897646422,0.7138839285714286,0.6856712499055804,0.7487168760062258
DQN,0.6493712160977152,0.7147767857142857,0.6890015177909312,0.7478461728648158
DQN,0.6486791240140564,0.7158928571428571,0.6914819601748924,0.7472657041038756
DQN,0.6465931456370863,0.7213839285714285,0.6937152235470444,0.7484237005164021
DQN,0.63423905452137,0.746875,0.6982011128988889,0.7528846398241624
DQN,0.60299431115434,0.8110267857142858,0.708009098502195,0.7642527155426286
DQN,0.5811045192867059,0.848125,0.7204106175470101,0.7742767312791288
DQN,0.5709900171434047,0.8660267857142857,0.7325408286305041,0.7832258103947274
DQN,0.57081768037908,0.8663392857142858,0.7427763169986344,0.790698341417934
DQN,0.5706792619623481,0.8665625,0.7515320768723819,0.7970212522837242
DQN,0.5705962109123092,0.8666964285714286,0.7591034629536544,0.8024408901686876
DQN,0.5705408435456163,0.8667857142857143,0.7657140567900504,0.807137909668989
DQN,0.5705470782098631,0.8667410714285714,0.7715308962662027,0.8112364688887215
DQN,0.5702487923572999,0.8671875,0.7767320922452358,0.8148422950809553
DQN,0.5717643934894355,0.8631696428571428,0.781284871252274,0.8175961649211252
DQN,0.5731595355860521,0.8595535714285715,0.7852940276153983,0.8196884830206921
DQN,0.5732702703194377,0.859375,0.7889064247748984,0.8215715693103021
DQN,0.573381005052823,0.8591964285714285,0.7921761603099117,0.8232753140485208
DQN,0.5734086887361693,0.8591517857142857,0.7951572992294442,0.824824172901447
DQN,0.573547107152901,0.8589285714285714,0.7978740869968696,0.8262383483758576
DQN,0.57393467871975,0.8583035714285714,0.8003323698451085,0.8275346758940676
DQN,0.5744053013366379,0.8575446428571428,0.8025532670026037,0.8287272972108206
DQN,0.5748686890818631,0.8566071428571429,0.8045747464018856,0.8297905678454057
DQN,0.575162485089123,0.8561160714285714,0.806424305593369,0.8307717091577248
DQN,0.5759483527323707,0.8548660714285714,0.8080733647471691,0.831685996628324
DQN,0.5772893832655999,0.8520982142857143,0.809526109427725,0.8324293070378609
DQN,0.5831074466136369,0.8427678571428572,0.8103880230748058,0.833131950530909
DQN,0.5886933159853533,0.8337946428571429,0.8107344271316658,0.8337950736856324
DQN,0.5978995132111952,0.8190178571428571,0.8103246214886992,0.8344279166110318
DQN,0.6059534424740112,0.8036607142857143,0.8094319475832766,0.8346516268173763
DQN,0.6135060869904839,0.7903571428571429,0.8080834778471824,0.8346916688638476
DQN,0.6211243343675611,0.7778125,0.8062803102118685,0.8346912939944263
DQN,0.6270062335811192,0.7674107142857143,0.8042137562624045,0.8345591751285283
DQN,0.6324748779593146,0.758125,0.8019189134417003,0.8343689594442615
DQN,0.6330562353095879,0.7571875,0.7997180588916211,0.8341887551117985
DQN,0.6331946537263197,0.7569642857142858,0.7976315758922741,0.8340177920271538
DQN,0.6333178577881984,0.7566964285714286,0.7956535883184827,0.8338464923494332
DQN,0.6333455414715446,0.7566517857142857,0.7937787928918145,0.8336835487535527
DQN,0.6333732251548911,0.7566071428571428,0.7919992266273943,0.8335283643765236
DQN,0.6338989595425827,0.7552232142857143,0.7902964273056019,0.8333160081621693
DQN,0.6350584180249917,0.7521428571428571,0.7886500957513068,0.8329710252865308
DQN,0.6351003158557749,0.7519196428571429,0.7870844255337965,0.8326236255725106
DQN,0.635928570345444,0.7495982142857143,0.7855763364471041,0.8321809185428531
DQN,0.6362892028404737,0.7487053571428571,0.7841265611001869,0.8317228917755402
DQN,0.6375334571918654,0.7454017857142857,0.7827134320323762,0.8311441812982515
DQN,0.6381689261055261,0.7436160714285714,0.7813499393595743,0.8305091891123699
DQN,0.6385534970501263,0.7423214285714286,0.7800422050898911,0.8298300201999647
DQN,0.6391872211448437,0.740625,0.778775071029404,0.8291094024761664
DQN,0.6391595374614973,0.7406696428571429,0.7775597344315934,0.8284165008186679
DQN,0.6391041700948046,0.7407589285714286,0.7763943922243295,0.8277497463935278
DQN,0.6389657516780729,0.7409821428571428,0.7752797655635114,0.8271076865767264
DQN,0.6388996598018304,0.7410714285714286,0.7742102579598096,0.8264873919859557
DQN,0.638705874018406,0.7413839285714285,0.7731883190913375,0.8258892507734268
DQN,0.638307577942007,0.7420089285714285,0.7722199911105653,0.8253105114445569
DQN,0.6376047613487985,0.743125,0.771314599369592,0.8247501704536399
DQN,0.6369573121222825,0.7441517857142858,0.7704666425830056,0.8242073161408635
DQN,0.6357624238930861,0.7460267857142857,0.7696948650723444,0.8236780843436728
DQN,0.6324358920462207,0.7513392857142858,0.7690762258533237,0.8231618019645207
DQN,0.6327296880534808,0.7508482142857142,0.7684671094208091,0.8226607350481476
DQN,0.6331551344453081,0.7471875,0.7679162663425244,0.821932042955245
DQN,0.6333419187768189,0.7453125,0.7674038651281097,0.8210991610365516
DQN,0.6329261301587058,0.7429910714285715,0.7669744209744026,0.8200545922628628
DQN,0.6329161502606833,0.7426785714285714,0.7665633772707912,0.8190158427529887
DQN,0.6307585677786113,0.7460714285714286,0.7662401637733063,0.8180014570397826
DQN,0.6307817616166544,0.7459821428571428,0.765926043048584,0.8170129769549069
DQN,0.6333149131765804,0.7392857142857143,0.7655785906485252,0.8158580398085047
DQN,0.634461902330496,0.7362946428571429,0.7652208839949214,0.8146518405765638
DQN,0.6349537183705948,0.735,0.764864463506718,0.8134430718380887
DQN,0.6361408605363501,0.731875,0.7644980768554345,0.8121812314857544
DQN,0.6362024625672895,0.7317410714285715,0.764139554798758,0.8109515478791288
DQN,0.6362578299339823,0.7316517857142857,0.7637882512508378,0.8097550989645741
DQN,0.6363131973006748,0.7315625,0.7634439076658814,0.8085905553544075
DQN,0.636313197300675,0.7315625,0.7631079704718431,0.8074566576287191
DQN,0.6363131973006749,0.7315625,0.7627801249245159,0.8063522117920096
DQN,0.6363131973006748,0.7315625,0.7624600921592066,0.8052760850793182
DQN,0.6365443910695795,0.7309821428571428,0.7621437092664547,0.8042135599062018
DQN,0.6370873402269566,0.7300892857142857,0.7618190927387394,0.8031765099598891
DQN,0.6372873606746277,0.7297321428571428,0.7614966801703086,0.8021628933434429
DQN,0.6373704117246666,0.7295982142857143,0.761179253366762,0.8011739990834953
DQN,0.6376749322414765,0.7291071428571428,0.7608604172261441,0.8002089336008958
DQN,0.637853503670048,0.72875,0.7605446425149721,0.7992625729613285
DQN,0.6385642997464469,0.7275,0.7602176844522233,0.7983321836024752
DQN,0.6387750447036679,0.7271428571428571,0.7598923770413183,0.7974223939256183
DQN,0.6389321671131395,0.7267857142857143,0.7595711917077652,0.7965273431981562
DQN,0.6393643815371313,0.7260714285714286,0.7592456130939412,0.7956516208273865
DQN,0.6399180552040582,0.7251785714285715,0.7589123852812928,0.7947955776110159
DQN,0.640394912485193,0.724375,0.7585742017266086,0.7939565778657032
DQN,0.6484193467172997,0.7033928571428572,0.7581341753335317,0.7926801826548773
DQN,0.6490790096764201,0.7017410714285715,0.7576930579853149,0.7913984661248301
DQN,0.6496942853742863,0.7007142857142857,0.7572454804885024,0.7901423995993657
DQN,0.6498603874743645,0.7004464285714286,0.7568024459552787,0.7889130578935919
DQN,0.6504487241004118,0.6991517857142857,0.7563573277413366,0.7876907194894439
DQN,0.650780928300568,0.6986160714285714,0.7559125251689618,0.7864938464687158
DQN,0.6513515611412914,0.6976785714285715,0.7554624684591662,0.7853207315920645
DQN,0.6518256733960665,0.6967410714285714,0.7550113927390042,0.7841624488491338
DQN,0.6523793470629935,0.6958482142857143,0.7545555510505522,0.7830275657575752
DQN,0.6525731328464179,0.6955357142857143,0.7541035291828158,0.7819153803278479
DQN,0.6297314394771328,0.7442197051842491,0.7798342398512352,0.7923850844543009
DQN,0.6707116129001162,0.6819196428571429,0.6594083866029364,0.7524049885404067
DQN,0.6508766260882188,0.71375,0.6784551119690928,0.7520008039229358
DQN,0.6503344215423689,0.7143303571428572,0.6854708196796588,0.7513600330556457
DQN,0.649088655791783,0.7163392857142857,0.6896739109450771,0.7510396476220006
DQN,0.6490100945870472,0.7165178571428571,0.6922488744803571,0.7509007390266959
DQN,0.6397915389134112,0.7409821428571428,0.6962291308753231,0.759067997831084
DQN,0.6316399219659004,0.7632589285714285,0.7006537062026873,0.7716390660180678
DQN,0.6222106213350433,0.7880803571428572,0.7055610920523391,0.7872740713078535
DQN,0.6205344081555489,0.7926339285714286,0.7095321690674952,0.8004952487510874
DQN,0.6188078064703034,0.7964732142857143,0.7129239273746821,0.81161684208118
DQN,0.6188853674676229,0.7960714285714285,0.7156570716738964,0.8205860280007548
DQN,0.6196056322502663,0.7940625,0.7178343106103713,0.8276959507172008
DQN,0.6194672138335346,0.7942857142857143,0.719679099579208,0.8337120391695784
DQN,0.6191457341429283,0.7948214285714286,0.721291891718865,0.8388751828739031
DQN,0.6189010708381143,0.7952678571428572,0.7227094505864589,0.8433677979303453
DQN,0.6189010708381142,0.7952678571428572,0.7239419938791545,0.8472988361047323
DQN,0.6189671627143569,0.7951785714285714,0.7250150088646944,0.8507726466154273
DQN,0.6190225300810496,0.7950892857142857,0.7259579708933289,0.8538604781804898
DQN,0.620078488701736,0.7923660714285714,0.7267277174502892,0.8563460831575256
DQN,0.6201597949328316,0.7923214285714286,0.7274068117162346,0.8586056501347606
DQN,0.6201812439519313,0.7923214285714286,0.7280159091037629,0.8606584125554936
DQN,0.6201812439519313,0.7923214285714286,0.7285679899001503,0.8625245602107054
DQN,0.6201982031257278,0.7922767857142857,0.7290697833752497,0.8642245048064865
DQN,0.6201982031257278,0.7922767857142857,0.7295286278785685,0.8657827873526192
DQN,0.6201812439519313,0.7923214285714286,0.7299506435176886,0.8672200453123416
DQN,0.6200535500447495,0.7925446428571429,0.7303486219012635,0.8685502209311811
DQN,0.6233329052517216,0.7838839285714285,0.7305726606230072,0.8691371693804979
DQN,0.6237292009132879,0.7828125,0.7307645295294751,0.8696025317538941
DQN,0.6251198531646013,0.7791517857142857,0.7308863033692374,0.869783973940374
DQN,0.6255099141619209,0.778125,0.7309844595190571,0.8698847391395723
DQN,0.6256286283784964,0.7778125,0.7310717962222738,0.8699591011487624
DQN,0.625679505899886,0.7776785714285714,0.7311517695360871,0.8700203434408142
DQN,0.6256455875522929,0.7777678571428571,0.7312281212521232,0.8700833333666212
DQN,0.6256518222165396,0.7777232142857143,0.73130038082752,0.870137284900072
DQN,0.6257258935759723,0.7775,0.7313666043544093,0.8701728187635879
DQN,0.626353383006443,0.7758482142857143,0.7314084077879679,0.8701145658099079
DQN,0.6269362295797708,0.7742857142857142,0.7314298568618044,0.8699725561635283
DQN,0.6283608001786772,0.7705357142857143,0.7314056266531953,0.8696405802091609
DQN,0.628615187785625,0.7698660714285714,0.7313748318265466,0.8692912402487031
DQN,0.628615187785625,0.7698660714285714,0.7313455559802258,0.8689593672862682
DQN,0.6285044530522395,0.7700446428571428,0.7313230614475772,0.8686436832488302
DQN,0.6285383713998325,0.7699553571428571,0.7313006777375894,0.8683388413042833
DQN,0.6285383713998325,0.7699553571428571,0.7312793214323423,0.8680481780548316
DQN,0.6285214122260361,0.77,0.7312593720058048,0.8677727541818553
DQN,0.6285214122260361,0.77,0.7312402980753848,0.8675095713699001
DQN,0.6285214122260361,0.77,0.7312220432457684,0.8672578312888997
DQN,0.6285214122260361,0.77,0.7312045558634562,0.8670168035517715
DQN,0.6290703404517709,0.7685267857142857,0.7311746803667829,0.8667227276042068
DQN,0.6290703404517709,0.7685267857142857,0.7311460070853163,0.8664406547565429
DQN,0.6287935036183073,0.7689732142857143,0.7311294882709948,0.8661698648227855
DQN,0.6286827688849219,0.7691517857142857,0.731117921591231,0.8659096941021166
DQN,0.6285336259586404,0.769375,0.731112780439933,0.8656578144463577
DQN,0.6294559116037874,0.7674553571428572,0.7310794813207394,0.8653732856283389
DQN,0.6301297887103444,0.765625,0.7310332706420556,0.865028248562005
DQN,0.6300744213436517,0.7657142857142857,0.7309907083869823,0.8646957582980836
DQN,0.630402880310032,0.7648214285714285,0.7309429530458585,0.8643415688397831
DQN,0.6319925528016003,0.7605803571428571,0.730864194825322,0.8638477661342873
DQN,0.6367072031170287,0.7481696428571428,0.7306906713035008,0.8629435941201561
DQN,0.6367072031170288,0.7481696428571428,0.7305227607545941,0.862070072004809
DQN,0.6367196724455221,0.7480803571428571,0.730360652446828,0.8612196705841266
DQN,0.6367196724455221,0.7480803571428571,0.7302036208271524,0.8603971511772371
DQN,0.6367633150952487,0.7477678571428571,0.7300529864668804,0.8595808845670672
DQN,0.6367633150952487,0.7477678571428571,0.7299069196928086,0.8587905311826167
DQN,0.6369373966785169,0.7473660714285715,0.7297612659766883,0.8580151712661734
DQN,0.6404756293377399,0.7380803571428571,0.7295535924317673,0.8569794443003392
DQN,0.6500869910350553,0.7127232142857143,0.729175930307717,0.855204672053884
DQN,0.6501700420850944,0.7125892857142857,0.7288059268510857,0.8534828780834427
DQN,0.6499485726183236,0.7129464285714285,0.7284522991009653,0.8518117251121317
DQN,0.6498378378849381,0.713125,0.7281111418065614,0.8501890113573806
DQN,0.649799429692042,0.7131696428571429,0.7277800762654055,0.8486113697805295
DQN,0.6498717562325311,0.7130357142857143,0.7274555681689046,0.8470768878194771
DQN,0.6499548072825702,0.7129017857142858,0.7271368960717741,0.8455850303573428
DQN,0.6499271235992239,0.7129464285714285,0.7268269126123836,0.8441340457023901
DQN,0.6518898979143153,0.7077232142857143,0.7264921821932571,0.8425786351547372
DQN,0.6528565708207161,0.7051785714285714,0.7261494456797151,0.8409968056403545
DQN,0.6536117541583688,0.7033035714285715,0.7258012990891547,0.8394121086557174
DQN,0.6539152744677623,0.7025892857142857,0.7254554832264485,0.8378535149864493
DQN,0.6540277540200914,0.7023214285714285,0.725115543539214,0.8363291754787331
DQN,0.6545507433814233,0.7008035714285714,0.7247763520634727,0.8347992711188379
DQN,0.6548238349811107,0.7,0.724441224880352,0.833284085574536
DQN,0.6562189770777275,0.6963839285714286,0.72409121917627,0.8317193029143914
DQN,0.6567115377293533,0.6947767857142857,0.7237440495225754,0.8301414327233507
DQN,0.656766905096046,0.6946875,0.7234029376520861,0.8286015835007691
DQN,0.6566721293290408,0.6945982142857143,0.7230734671196891,0.8270834483735713
DQN,0.6572811703626605,0.6936160714285714,0.7227362601127143,0.8256010340728959
DQN,0.6573490070578466,0.6934375,0.7224050056668844,0.8241489209867652
DQN,0.6573490070578466,0.6934375,0.7220805307443157,0.8227301898106602
DQN,0.6577088949413492,0.6928571428571428,0.7217542440857454,0.8213437025249214
DQN,0.657542792841271,0.693125,0.7214383339235697,0.8199883722568396
DQN,0.6575151091579247,0.6931696428571429,0.721129342910816,0.8186631604391595
DQN,0.6576258438913101,0.6929910714285714,0.7208239207466303,0.8173670741559341
DQN,0.6576258438913102,0.6929910714285714,0.7205244491094749,0.8160991636614745
DQN,0.6577365786246955,0.6928125,0.7202283094254531,0.8148585200593688
DQN,0.6577088949413492,0.6928571428571428,0.719938441288464,0.8136442731296484
DQN,0.6577642623080419,0.6927678571428572,0.7196528643897427,0.8124555892931851
DQN,0.6578320990032279,0.6925892857142857,0.7193717192141421,0.8112879450808522
DQN,0.6579303644081199,0.6925,0.7190931854416321,0.8101480622312108
DQN,0.6584221804482185,0.6912053571428571,0.718813161703894,0.8090050196975721
DQN,0.6590541597239926,0.6895982142857143,0.7185293865009299,0.8078543490740149
DQN,0.6593629144902166,0.6886160714285714,0.7182478903594218,0.8067016765951744
DQN,0.6386062658800797,0.7286203617533554,0.7483078767658823,0.7994397957585913
DQN,0.6379836204792813,0.7223660714285715,0.7383374063594478,0.6887169408073252
DQN,0.5737646878112684,0.8241964285714286,0.8324126690408097,0.6842546656335269
DQN,0.6509152677008642,0.7123214285714285,0.7801372322185903,0.7043527153641808
DQN,0.6502236868089833,0.7145089285714286,0.757486085552235,0.7157841593534019
DQN,0.649088655791783,0.7163392857142857,0.7454019881057697,0.7226430257469346
DQN,0.649005604741744,0.7164732142857143,0.7377138218415547,0.7272156033426231
DQN,0.6488439924869691,0.7167857142857142,0.7324239026733689,0.7305198178144594
DQN,0.6433010876818714,0.7315178571428571,0.7295037866786291,0.7367406980611165
DQN,0.6340353997206218,0.7564732142857142,0.7286679014926646,0.7473219922144752
DQN,0.6281380970847411,0.7720535714285715,0.7288238514003839,0.7589232941158692
DQN,0.6282301278253865,0.7720089285714286,0.728921429345893,0.7684645082610602
DQN,0.6281193930920013,0.7721875,0.729021208247096,0.7764155200487192
DQN,0.6277595052084984,0.7727678571428571,0.729164766940903,0.7831432992536614
DQN,0.6277595052084985,0.7727678571428571,0.7292858839736966,0.7889099671436121
DQN,0.6277595052084985,0.7727678571428571,0.7293894401424135,0.7939077459815691
DQN,0.6276487704751131,0.7729464285714286,0.7294938992986889,0.7982808024647816
DQN,0.6276487704751131,0.7729464285714286,0.7295851357965841,0.8021393817146749
DQN,0.6276210867917668,0.7729910714285714,0.7296687664520625,0.8055692299368025
DQN,0.6273612091320997,0.7733928571428571,0.7297727977068191,0.8086332546391262
DQN,0.6272781580820608,0.7735267857142857,0.7298745706964946,0.8113908768712176
DQN,0.6272504743987143,0.7735714285714286,0.7299688827737426,0.8138858684145385
DQN,0.627305841765407,0.7734821428571429,0.7300488246828644,0.8161540425448301
DQN,0.627305841765407,0.7734821428571429,0.7301214409097193,0.8182249841420529
DQN,0.627305841765407,0.7734821428571429,0.7301876943013847,0.8201233472728404
DQN,0.627305841765407,0.7734821428571429,0.7302483860518505,0.8218698413531649
DQN,0.627305841765407,0.7734821428571429,0.7303041882605711,0.823481989735003
DQN,0.627305841765407,0.7734821428571429,0.7303556689265756,0.8249747197181864
DQN,0.627305841765407,0.7734821428571429,0.7304033113520861,0.8263608261311424
DQN,0.627305841765407,0.7734821428571429,0.7304475293620619,0.8276513389983773
DQN,0.627305841765407,0.7734821428571429,0.7304886793557539,0.8288558176744633
DQN,0.627305841765407,0.7734821428571429,0.7305270699338035,0.8299825880488662
DQN,0.6278824536744883,0.7719642857142858,0.7305405683854868,0.8309439545007087
DQN,0.6278654945006916,0.7720089285714286,0.7305538795646344,0.8318497949571815
DQN,0.6303308093654316,0.7654910714285714,0.7304768542339243,0.8323164186911306
DQN,0.6312867577622827,0.7629464285714286,0.7303709498149322,0.8326082772837745
DQN,0.6316321759024595,0.7620089285714285,0.7302597901199077,0.8328295376468707
DQN,0.6322935836805231,0.7602678571428572,0.7301323941860678,0.8329443879696461
DQN,0.6327514813730287,0.7590625,0.7299967783039468,0.832989671959343
DQN,0.6326407466396434,0.7592410714285714,0.7298740406003926,0.8330326336931582
DQN,0.6326407466396434,0.7592410714285714,0.729757487571263,0.8330734473402823
DQN,0.6326746649872363,0.7591517857142858,0.7296456196562807,0.8331078818240457
DQN,0.6326746649872365,0.7591517857142858,0.7295391176774488,0.8331406765704872
DQN,0.6326746649872363,0.7591517857142858,0.7294376045941499,0.8331719459798849
DQN,0.6337770112840092,0.75625,0.729309385853683,0.833069729570713
DQN,0.6347606433642066,0.7536607142857142,0.7291596610115748,0.8328570463940753
DQN,0.6351676635353228,0.7525892857142857,0.7290053798239179,0.832607004180077
DQN,0.6362021731369095,0.7498660714285714,0.7288301219568462,0.8322518302549249
DQN,0.6365583157866362,0.7489285714285714,0.7286528475158062,0.8318724604093879
DQN,0.637389315302665,0.7467410714285714,0.7284615106340674,0.831419212920977
DQN,0.6378257639760709,0.7455357142857143,0.7282677668057442,0.8309324652974847
DQN,0.6388941919252508,0.7427232142857143,0.728055317094769,0.8303546822504818
DQN,0.6390977020108088,0.7421875,0.7278459926351204,0.8297785916791746
DQN,0.6390977020108087,0.7421875,0.7276444040636771,0.829224240374709
DQN,0.6390977020108088,0.7421875,0.7274501303155687,0.8286904206000385
DQN,0.6390977020108088,0.7421875,0.7272627803401008,0.8281760124535379
DQN,0.6390977020108087,0.7421875,0.7270819904732035,0.8276799760265551
DQN,0.6390977020108087,0.7421875,0.7269074220811675,0.827201344386484
DQN,0.6390977020108088,0.7421875,0.7267387594435369,0.8267392172857257
DQN,0.6390977020108087,0.7421875,0.7265757078473177,0.8262927555104168
DQN,0.6390977020108087,0.7421875,0.7264179918682885,0.825861175794285
DQN,0.6390977020108087,0.7421875,0.726265353818333,0.8254437462327803
DQN,0.6391146611846055,0.7421428571428571,0.726117216605924,0.8250383783958094
DQN,0.6391146611846054,0.7421428571428571,0.7259736997350996,0.8246458793790599
DQN,0.6391146611846054,0.7421428571428571,0.7258345903618447,0.8242656459565837
DQN,0.6391146611846054,0.7421428571428571,0.7256996885179916,0.8238971120240299
DQN,0.6391146611846054,0.7421428571428571,0.7255688061520686,0.8235397457864019
DQN,0.6391146611846054,0.7421428571428571,0.725441766254629,0.8231930471976586
DQN,0.6391146611846054,0.7421428571428571,0.7253184020595066,0.8228565456262309
DQN,0.6391146611846054,0.7421428571428571,0.7251985563134187,0.8225297977235405
DQN,0.6391146611846054,0.7421428571428571,0.7250820806071866,0.8222123854752127
DQN,0.6391146611846052,0.7421428571428571,0.7249688347625965,0.8219039144169785
DQN,0.6391146611846052,0.7421428571428571,0.7248586862695708,0.8216040119992509
DQN,0.6391146611846055,0.7421428571428571,0.7247515097689009,0.8213123260861185
DQN,0.6391146611846054,0.7421428571428571,0.7246471865762945,0.8210285235760437
DQN,0.6391655387059948,0.7420089285714285,0.724544713998113,0.8207486587872975
DQN,0.6392351202201243,0.7417410714285714,0.7244445780038126,0.8204656295225974
DQN,0.6392243957105743,0.7417410714285714,0.7243474596385132,0.8201887962391684
DQN,0.6391967120272282,0.7417857142857143,0.7242535213090249,0.8199190612450582
DQN,0.6390243752629033,0.7420982142857143,0.7241660684188096,0.8196583828352727
DQN,0.639184987310262,0.7415625,0.7240792905933512,0.8193863819348514
DQN,0.6395650684095591,0.7402232142857142,0.7239917885908621,0.8190748456729214
DQN,0.6396730581165847,0.7399107142857143,0.7239049618042053,0.818762224011911
DQN,0.6396730581165847,0.7399107142857143,0.7238201826408404,0.8184571354029729
DQN,0.6397748131593638,0.7396428571428572,0.7237358051880012,0.8181528604527221
DQN,0.6400122415925149,0.7390178571428572,0.7236497659045823,0.8178410468242022
DQN,0.640588853501596,0.7375,0.7235570215085163,0.8175010880774399
DQN,0.640554935154003,0.7375892857142857,0.7234668586189336,0.8171709836381712
DQN,0.640995873672712,0.7364285714285714,0.7233722872304694,0.816822173720568
DQN,0.6432514437876474,0.7304910714285714,0.7232471205172,0.816347996061151
DQN,0.6432005662662578,0.730625,0.7231253576858775,0.8158872938992803
DQN,0.6432344846138508,0.7305357142857143,0.7230056961187322,0.8154347675293362
DQN,0.6432407192780976,0.7304910714285714,0.7228886820322385,0.814990101505869
DQN,0.6432576784518941,0.7304464285714286,0.7227738680111331,0.8145540623624559
DQN,0.6433255151470799,0.7302678571428571,0.7226604942644123,0.8141235559630845
DQN,0.64332551514708,0.7302678571428571,0.7225494251088654,0.8137021128563315
DQN,0.643291596799487,0.7303571428571428,0.7224410412984816,0.8132912831494427
DQN,0.6433763926684697,0.7301339285714286,0.7223336879842046,0.8128843411760207
DQN,0.6433594334946731,0.7301785714285715,0.7222286626258008,0.812486577866515
DQN,0.6434781477112487,0.7298660714285714,0.7221241317052555,0.8120905458320505
DQN,0.6435290252326381,0.7297321428571428,0.722020969826031,0.8116997823758805
DQN,0.6248124219552477,0.7613290294901129,0.7631254823044807,0.7973464534777222
DQN,0.8132616875182228,0.5,0.5,1.0
DQN,0.813201830306227,0.5000446428571429,0.500010782947416,0.9998644374152734
DQN,0.6371899064096821,0.7352678571428571,0.5467974507778305,0.9161557318640712
DQN,0.5792712513667218,0.8157142857142857,0.5956593680758075,0.8575801845309772
DQN,0.5791864554977391,0.8159375,0.633521367852888,0.8225236602476831
DQN,0.5797198355859614,0.8287053571428571,0.6628763524820123,0.8108845824772043
DQN,0.5790277435023027,0.8298214285714286,0.6863387180633128,0.8025709554982912
DQN,0.5711067647796387,0.8466071428571429,0.7070864999275774,0.7989257904843525
DQN,0.5705478566558813,0.8477678571428572,0.7243633394222531,0.7962392967968392
DQN,0.562916717463092,0.8670089285714285,0.7399449735115984,0.7976685471845494
DQN,0.5555968446431373,0.8867857142857143,0.7539230093415177,0.8025817336275425
DQN,0.5549603755220602,0.8883482142857143,0.7659175936991918,0.8069070323203885
DQN,0.5551192427504755,0.8879017857142857,0.7762538448297075,0.8104914023331034
DQN,0.5552022938005146,0.8877678571428571,0.785248531604064,0.8135636783886065
DQN,0.5549987837149565,0.8883035714285714,0.7931722692551674,0.8162980501322415
DQN,0.5550139980698094,0.8883482142857143,0.8001847389812855,0.8187131449701753
DQN,0.5542311310488105,0.8902678571428572,0.8064998261221252,0.8210438051824154
DQN,0.5522790812432687,0.8954910714285714,0.8122652392085388,0.823711081837609
DQN,0.551662316322348,0.8971428571428571,0.81749056310267,0.8262761341024626
DQN,0.5517453673723872,0.8970089285714286,0.8222121328992361,0.8285846811408307
DQN,0.5517820307463398,0.8970535714285715,0.8264951935586815,0.8306990166112801
DQN,0.5519758165297642,0.8967410714285714,0.8303853318470517,0.8326211397662342
DQN,0.5520374185607037,0.8966071428571428,0.8339489122375723,0.834368238060388
DQN,0.5520927859273964,0.8965178571428571,0.8372230229041936,0.8359697448300288
DQN,0.55206510224405,0.8965625,0.8402498995506749,0.8374431310580985
DQN,0.5519543675106645,0.8967410714285714,0.8430656617518697,0.838803179884009
DQN,0.5522523977673388,0.8957589285714286,0.8456865081218127,0.8399668076805508
DQN,0.5531484889521938,0.8932589285714285,0.8481119326470403,0.8408526163716084
DQN,0.5526968259239349,0.8944196428571428,0.8503924824919222,0.841754510088848
DQN,0.5528564377638774,0.8936607142857143,0.8525452569653708,0.8425098092779632
DQN,0.5543149267103769,0.8898214285714285,0.8545290236337605,0.8429684857842124
DQN,0.5543827634055628,0.8896428571428572,0.8563936225164863,0.8433873890746855
DQN,0.5543827634055628,0.8896428571428572,0.8581509571292367,0.8437809042869484
DQN,0.5543827634055628,0.8896428571428572,0.8598100246253773,0.8441512715455485
DQN,0.55432739603887,0.8897321428571429,0.8613832978009285,0.8445004749608003
DQN,0.5542889878459739,0.8897767857142858,0.8628772211728233,0.8448277677680799
DQN,0.5542613041626275,0.8898214285714285,0.8642962473247385,0.8451373690722636
DQN,0.5542228959697314,0.8898660714285714,0.8656478053525237,0.8454282972800037
DQN,0.5544665590671292,0.8891964285714286,0.8669301005371675,0.8456675348136529
DQN,0.556864037236683,0.8828571428571429,0.868109947284902,0.8455757343444901
DQN,0.556864037236683,0.8828571428571429,0.8692354685466397,0.8454884119469939
DQN,0.5592650050441239,0.8763392857142858,0.8702802275050713,0.8450804039748145
DQN,0.5629406559126624,0.8666071428571429,0.8712227324529814,0.844234806788653
DQN,0.5624977169791208,0.8673214285714286,0.8721555687770692,0.8434276458382262
DQN,0.5710718240484897,0.8445535714285715,0.8729280321766909,0.8416311271658243
DQN,0.5708226708983725,0.8449553571428572,0.8736870740415941,0.8399127180009183
DQN,0.570779772860173,0.8449553571428572,0.8744237926222952,0.8382598177145727
DQN,0.5707351300030302,0.8450446428571429,0.8751357307377121,0.8366776830741582
DQN,0.5708939972314455,0.8445982142857142,0.8758213272713796,0.835139994218118
DQN,0.5708680583670426,0.8445535714285715,0.8764883108855023,0.83365484739444
DQN,0.5709421297264753,0.8443303571428571,0.8771325792806247,0.8322173798354073
DQN,0.5709590889002717,0.8442857142857143,0.8777548993622033,0.8308335212152529
DQN,0.5730959447986314,0.8386607142857143,0.8783291706104281,0.8292895425521974
DQN,0.5733333732317826,0.8380357142857143,0.8788819691484581,0.8277795970014254
DQN,0.5723327819777887,0.8406696428571429,0.8794294766440981,0.8264202843644692
DQN,0.5801125529050815,0.8201339285714285,0.8798683779732515,0.8243730216561546
DQN,0.5793900099355769,0.8192410714285714,0.8804164868878668,0.822211080097896
DQN,0.5806490118023231,0.81875,0.8808210240772419,0.8202605726833453
DQN,0.5697146793159016,0.8341517857142857,0.8818700711837884,0.818180951588141
DQN,0.5691395566298748,0.8350446428571429,0.8829226070687598,0.8161677138916447
DQN,0.569001138213143,0.8352678571428571,0.8839549987045713,0.8142204839884761
DQN,0.5689841790393465,0.8353125,0.8849613007701543,0.812337471698344
DQN,0.5689841790393465,0.8353125,0.8859423211191568,0.8105142375761526
DQN,0.5712986061588614,0.8291071428571428,0.8868797937955063,0.8085484908429764
DQN,0.5724009524556343,0.8262053571428571,0.887783560737276,0.8065539791592352
DQN,0.5727633297696075,0.8252232142857143,0.8886634233242189,0.8045887714539224
DQN,0.5738933597497268,0.8222767857142858,0.8895108834412815,0.8025954304490519
DQN,0.5765898683833712,0.8151785714285714,0.8903139692984217,0.8004523737685764
DQN,0.5766287655919056,0.8142857142857143,0.8911276886577255,0.7983092228865232
DQN,0.576742989963178,0.8139285714285714,0.8919248640589112,0.7962144397063132
DQN,0.5773133672080124,0.8124553571428571,0.8926988070385934,0.7941383721774417
DQN,0.5774552752626312,0.8120535714285714,0.8934561603957452,0.7921076763455784
DQN,0.5779041932645305,0.8107589285714286,0.8941980036638584,0.7900923773975579
DQN,0.5789958150517535,0.8078571428571428,0.8949163669023295,0.7880518482683263
DQN,0.5797420186987997,0.8058928571428572,0.8956140610774767,0.7860133314431136
DQN,0.5801428042056692,0.8048660714285715,0.89629370294165,0.78400268318797
DQN,0.5810309159073342,0.8025,0.8969539351088804,0.7819817672074502
DQN,0.5815396911212293,0.8011607142857143,0.8975974042630669,0.7799783197193244
DQN,0.5825465170394697,0.7984821428571428,0.8982215896530329,0.7779565654190462
DQN,0.5831570472961438,0.796875,0.8988294897943335,0.7759452744063892
DQN,0.5841237202025447,0.7943303571428572,0.899418900216498,0.7739209917958227
DQN,0.5841237202025447,0.7943303571428572,0.8999976674714287,0.7719460819318558
DQN,0.5841790875692374,0.7942410714285715,0.9005638215070516,0.7700187602573817
DQN,0.5842237304263803,0.7941517857142857,0.901118658736057,0.7681362444509666
DQN,0.5842790977930731,0.7940625,0.9016615072559042,0.7662980231341141
DQN,0.584279097793073,0.7940625,0.90219489027037,0.7645025511502117
DQN,0.5844005570360084,0.7938839285714285,0.9027137374729484,0.7627493797414105
DQN,0.5843898325264585,0.7938839285714285,0.9032246424219356,0.7610350394320593
DQN,0.5846175366574758,0.7934821428571428,0.9037190312425134,0.7593572238191663
DQN,0.5849459956238561,0.7925892857142857,0.9042037831173434,0.757695841873728
DQN,0.5851013732143844,0.7923214285714286,0.904675047346728,0.7560699961471832
DQN,0.5849629547976527,0.7925446428571429,0.905143769378527,0.754479494892955
DQN,0.5851013732143844,0.7923214285714286,0.9055995917748982,0.7529231979667744
DQN,0.5851013732143844,0.7923214285714286,0.906047995851462,0.751400013741151
DQN,0.5852121079477698,0.7921428571428571,0.906485056333202,0.7499088965518563
DQN,0.5851844242644235,0.7921875,0.9069161284113312,0.7484488443040055
DQN,0.5850906487048346,0.7923214285714286,0.9073443116292342,0.7470179585928935
DQN,0.5853879343499816,0.7916517857142857,0.9077605740955615,0.7456062341493853
DQN,0.5854433017166742,0.7915625,0.9081683546875304,0.7442230293916048
DQN,0.5858755161406661,0.7908482142857143,0.9085547613165303,0.7428665792246596
DQN,0.5857432858905998,0.8119087889757863,0.8708490857626704,0.8016533163118333
DQN,0.6401090294327036,0.7189732142857143,0.7329147182899161,0.688894109971242
DQN,0.6454167058047409,0.7225892857142857,0.7209265100229181,0.7203336524128409
DQN,0.6498523298044037,0.7154017857142857,0.7138988501660859,0.7307546413770488
DQN,0.648772666153896,0.7171428571428572,0.7111084934146069,0.7359651358591527
DQN,0.6486664212658139,0.7173660714285715,0.7095032771777232,0.7391447552132976
DQN,0.646766504784967,0.7232142857142857,0.7088120325620955,0.7436646513121425
DQN,0.6318451768704019,0.7626339285714285,0.7113806188931922,0.7582188751748713
DQN,0.6293195157780277,0.7700446428571428,0.7136276121377328,0.7712904938015991
DQN,0.6204443778297359,0.793125,0.7167008079348068,0.7864860515643058
DQN,0.6189330109470145,0.7966517857142857,0.7193283163323229,0.7992052479707219
DQN,0.61873922516359,0.7969642857142857,0.7214668522829419,0.8096117046336078
DQN,0.6185990619279149,0.7972767857142857,0.7232357027587334,0.8183217331254384
DQN,0.6185374598969755,0.7974107142857143,0.7247175225239854,0.8257054482057512
DQN,0.6184249803446467,0.7976785714285715,0.725983172722217,0.8320663424755128
DQN,0.6183910619970536,0.7977678571428571,0.7270708461706599,0.8375911279425081
DQN,0.618607041411105,0.7971428571428572,0.7279996557905211,0.8423358717397238
DQN,0.618573123063512,0.7972321428571428,0.7288149398109806,0.846532846105408
DQN,0.6177742970761327,0.7994196428571428,0.7295850694426753,0.850521612880754
DQN,0.6176962248870351,0.79875,0.7303104867569808,0.8538743724812174
DQN,0.6163674080864102,0.8008928571428572,0.7310934018642439,0.8568918561216342
DQN,0.6158967854695222,0.8016517857142857,0.7318434668085313,0.8596219603677259
DQN,0.6151029383430845,0.8030357142857143,0.7325912402601633,0.8621280012591839
DQN,0.6147984178262745,0.8035267857142857,0.7332982157562677,0.8644161255513845
DQN,0.6138294889091522,0.8050892857142857,0.7340249932792076,0.866513572819235
DQN,0.6127498252586445,0.8068303571428571,0.7347784307639995,0.8684432243056577
DQN,0.6134419173423032,0.8057142857142857,0.7354189524195693,0.8702244410623555
DQN,0.6121961515917175,0.8077232142857143,0.7361029647435811,0.8718737158370757
DQN,0.6120402628094112,0.8069196428571429,0.7367789068982448,0.8732107549385738
DQN,0.6096871497249714,0.8107142857142857,0.7375702644507189,0.8744555844468651
DQN,0.6089110063838573,0.8117410714285714,0.7383664838821603,0.8755787853015582
DQN,0.6067793627661882,0.8151785714285714,0.739249335831728,0.876629521584981
DQN,0.6078921779766219,0.8117410714285714,0.7400505417364367,0.8773499552215167
DQN,0.6069775940426362,0.8110714285714286,0.7409145982191538,0.8776908638401995
DQN,0.6074711549016784,0.8096875,0.7417145385510241,0.8779224825654061
DQN,0.6083343279463567,0.8075,0.7424398865791113,0.8780241061871483
DQN,0.6086662765506239,0.8064285714285714,0.7431203111187499,0.878043079870266
DQN,0.6085306031602518,0.8067857142857143,0.7437692653869443,0.8780803764432689
DQN,0.6085966950364944,0.8066964285714285,0.7443811728639553,0.8781180883297057
DQN,0.6084063988909568,0.8068303571428571,0.7449763742102904,0.878130956897165
DQN,0.6083662458791171,0.8069642857142857,0.7455432245120499,0.878152100793412
DQN,0.6079233069455755,0.8076785714285715,0.7461053115658666,0.8781722132800855
DQN,0.6086079085616825,0.8058482142857143,0.7466235237617744,0.8781021745057617
DQN,0.6086525514188252,0.8057589285714286,0.7471166081574498,0.8780332916033485
DQN,0.6079497348256165,0.806875,0.7476211504550667,0.8779654726866808
DQN,0.6083996530349323,0.8058035714285714,0.7480903600068668,0.8778608642231648
DQN,0.6088271220177317,0.8045089285714285,0.7485326916832624,0.8776927357009362
DQN,0.6118795177052136,0.7959375,0.7488941558797303,0.8771315878568734
DQN,0.6138547613487985,0.790625,0.7491969638966007,0.876364807577213
DQN,0.6129292416616536,0.7932589285714285,0.7495057897735299,0.8757496798537254
DQN,0.6137744553251191,0.7908928571428572,0.7497864572873196,0.8750556139251087
DQN,0.6141976900585047,0.7900892857142857,0.7500416606784472,0.8743764562350599
DQN,0.6143637921585826,0.7898214285714286,0.7502809357925753,0.873723419994628
DQN,0.6143914758419291,0.7897767857142857,0.7505105528694352,0.873094963558466
DQN,0.6151725980439845,0.7879464285714286,0.750711967533816,0.8724353866358064
DQN,0.6152279654106773,0.7878571428571428,0.7509043521092802,0.8717997943285164
DQN,0.6152449245844738,0.7878125,0.7510898794449621,0.8711853130327095
DQN,0.6161861698182497,0.7862946428571429,0.7512346968270198,0.8705923924841237
DQN,0.6165931899893657,0.7852232142857143,0.7513668083865737,0.8699829555776476
DQN,0.6165101389393266,0.7853571428571429,0.7514975977766417,0.8693941775493571
DQN,0.6165655063060194,0.7852678571428572,0.7516222927461055,0.8688250254553429
DQN,0.6165270981131232,0.7853125,0.7517447025795364,0.8682730716911976
DQN,0.6168039349465867,0.7848660714285715,0.7518539629531074,0.8677389228871863
DQN,0.6169146696799721,0.7846875,0.7519562112848217,0.8672217311880643
DQN,0.6175853127445313,0.7835714285714286,0.752033864573978,0.8667178775090245
DQN,0.6183497313686792,0.7823214285714286,0.7520847260970338,0.8662281582820858
DQN,0.619252568409559,0.7808482142857143,0.7521055157997711,0.8657519603619946
DQN,0.6204215177743525,0.7789285714285714,0.7520894149023122,0.8652872969899288
DQN,0.6227192634920996,0.7752232142857143,0.7520024708420009,0.8648363001876297
DQN,0.6231622024256414,0.7745089285714286,0.7519044746912247,0.8643983757564115
DQN,0.6243356416357378,0.7726339285714285,0.7517736191989796,0.8639742545240352
DQN,0.6249169989860113,0.7716964285714286,0.7516290959908549,0.8635620803686271
DQN,0.6255153155100811,0.7707142857142857,0.7514711531848957,0.8631601198290426
DQN,0.626501203601,0.7691071428571429,0.7512891788539675,0.8627679531676449
DQN,0.6267226730677707,0.76875,0.7511057295403542,0.8623863856052039
DQN,0.6271932956846589,0.7679910714285715,0.7509138526863798,0.8620149931777611
DQN,0.6279684388183567,0.7667410714285714,0.75070540531153,0.8616533742352513
DQN,0.6284006532423484,0.7660267857142857,0.7504906930087704,0.8613000177042102
DQN,0.6289141738974356,0.7652678571428572,0.750266691984937,0.8609602683970414
DQN,0.6291079596808603,0.7649553571428571,0.7500431534536295,0.8606291203381555
DQN,0.6294079903523668,0.7644196428571428,0.7498179137162302,0.8603030061015637
DQN,0.6295571332786485,0.7641964285714286,0.7495941267332333,0.859985993488722
DQN,0.629574092452445,0.7641517857142858,0.7493755366511685,0.8596756515225116
DQN,0.6298402047763587,0.7637053571428571,0.749155621931992,0.8593717157726972
DQN,0.629878612969255,0.7636607142857142,0.7489397496149283,0.8590760785653312
DQN,0.6298616537954583,0.7637053571428571,0.7487291573313675,0.858788421435808
DQN,0.6298062864287657,0.7637946428571428,0.7485248030635093,0.8585074540069715
DQN,0.6298509292859085,0.7637053571428571,0.7483242258300088,0.8582319229791251
DQN,0.6298786129692548,0.7636607142857142,0.7481275311633961,0.8579626540200934
DQN,0.6299062966526012,0.7636160714285715,0.7479345789733262,0.8576994360489052
DQN,0.6299170211621511,0.7636160714285715,0.7477454656699519,0.8574430558989825
DQN,0.6311413378936372,0.7616071428571428,0.7475324884278016,0.8571903396751238
DQN,0.6323424607870801,0.7596875,0.7472965011419039,0.8569440843253874
DQN,0.6323978281537729,0.7595982142857143,0.747064345049475,0.8567031247896238
DQN,0.63264698130389,0.7591964285714285,0.7468315753001122,0.8564672920524936
DQN,0.6327237976896825,0.7591071428571429,0.7466016836085015,0.8562382997312771
DQN,0.6327345221992322,0.7591071428571429,0.746376199949607,0.8560150254837529
DQN,0.6327345221992323,0.7591071428571429,0.7461553838909196,0.8557963548289607
DQN,0.6327514813730288,0.7590625,0.745938883461798,0.8555812246461393
DQN,0.6327853997206218,0.7589732142857143,0.7457263641136249,0.8553686089570264
DQN,0.6327853997206218,0.7589732142857143,0.7455181104622893,0.8551602455816955
DQN,0.6253197460422837,0.7773618878282845,0.7496367469138078,0.8699319364077908
DQN,0.6577027711578016,0.7025,0.6847683126360204,0.7503476157906229
DQN,0.629833381874126,0.7344196428571429,0.7191643772463068,0.7167257640180368
DQN,0.6518565129346402,0.7108035714285714,0.7115860862842212,0.7259982689129312
DQN,0.6539881565523092,0.7073660714285714,0.7067497530367508,0.7306345213603782
DQN,0.6540687181718775,0.7076339285714286,0.7038207863558358,0.7338278184828954
DQN,0.6376143409357421,0.7519642857142858,0.7058319152836936,0.7512716616938292
DQN,0.6255932873362685,0.7842857142857143,0.7095824337360107,0.7732728038096998
DQN,0.6256095018985377,0.7845535714285714,0.7122529878478282,0.7899637935697417
DQN,0.6262409921586733,0.7837946428571428,0.7141030682751592,0.8030960182986823
DQN,0.6257918185608851,0.7845535714285714,0.715635422227525,0.8136197561940844
DQN,0.6253426449630968,0.7853125,0.7169448907761815,0.8222464127560042
DQN,0.6249550733962479,0.7859375,0.7180836781122358,0.8294352932242705
DQN,0.6247336039294771,0.7862946428571429,0.7190687265502652,0.8355181920820344
DQN,0.621434755765958,0.7915625,0.7203747873671605,0.8407127987129726
DQN,0.6211177659206548,0.7921428571428571,0.7215362145769137,0.8452386128372489
DQN,0.6208409290871914,0.7925892857142857,0.72257973141971,0.8491987001959905
DQN,0.6207578780371523,0.7927232142857142,0.7235045972102985,0.852692894924292
DQN,0.6207917963847452,0.7926339285714286,0.724320036941405,0.8557889472362519
DQN,0.6204872758679354,0.793125,0.725077843214595,0.8585590993048479
DQN,0.6204595921845891,0.7931696428571429,0.7257597966679838,0.8610522361665841
DQN,0.6203301534584637,0.7934821428571428,0.7263829278341883,0.8633332083124523
DQN,0.621042438757917,0.7916071428571428,0.7269084358246232,0.8652365408092162
DQN,0.6219582341429284,0.7891964285714286,0.7273387260990442,0.8667641367902872
DQN,0.6246038652551831,0.7822321428571428,0.7275999696359099,0.8675853830909241
DQN,0.6245592223980402,0.7823214285714286,0.7278430559550628,0.8683445677047908
DQN,0.6238117629476888,0.7835267857142857,0.7281237690386506,0.8690453535022061
DQN,0.6238117629476888,0.7835267857142857,0.7283834693144551,0.8696942292405538
DQN,0.6238117629476889,0.7835267857142857,0.7286244310583364,0.8702967567118765
DQN,0.6237563955809962,0.7836160714285715,0.7288523929407447,0.8708577305644873
DQN,0.6237563955809959,0.7836160714285715,0.7290650155283973,0.8713813061602573
DQN,0.6237563955809962,0.7836160714285715,0.7292637966837293,0.8718711026853326
DQN,0.623756395580996,0.7836160714285715,0.7294500453963925,0.8723302869275906
DQN,0.6237563955809962,0.7836160714285715,0.7296249162437848,0.8727616418218331
DQN,0.6237733547547925,0.7835714285714286,0.7297888438642262,0.8731650631281226
DQN,0.6237733547547925,0.7835714285714286,0.7299433300721231,0.8735454317883383
DQN,0.6235733343071214,0.7839285714285714,0.7300993146987884,0.8739095643637624
DQN,0.6235563751333248,0.7839732142857143,0.7302473510378713,0.8742564186370428
DQN,0.6235902934809179,0.7838839285714285,0.7303864837513119,0.8745802814987185
DQN,0.6235902934809179,0.7838839285714285,0.7305184334940006,0.8748875360085133
DQN,0.6235733343071214,0.7839285714285714,0.7306442337876299,0.8751816579444689
DQN,0.6235733343071214,0.7839285714285714,0.7307638577825206,0.8754614324689143
DQN,0.6236072526547144,0.7838392857142857,0.7308767674427586,0.8757235671234218
DQN,0.6236411710023074,0.78375,0.7309834701186427,0.8759693703373959
DQN,0.6236965383690001,0.7836607142857143,0.7310828122448001,0.8762040006780074
DQN,0.6236411710023074,0.78375,0.7311801412189902,0.8764282030034807
DQN,0.6236965383690001,0.7836607142857143,0.7312708407660888,0.8766426574017594
DQN,0.6236965383690002,0.7836607142857143,0.7313576596173803,0.8768479860809625
DQN,0.6239000484545583,0.783125,0.7314358385072819,0.8770223553606563
DQN,0.6239277321379046,0.7830803571428572,0.7315096937470842,0.8771896075268932
DQN,0.6240848545473763,0.7827232142857142,0.7315760155557028,0.8773394983278833
DQN,0.6241696504163587,0.7825,0.7316377642217251,0.8774747990744621
DQN,0.6241696504163587,0.7825,0.7316971294933965,0.8776048959461726
DQN,0.6241866095901554,0.7824553571428572,0.7317538642979508,0.8777283674560824
DQN,0.6241866095901554,0.7824553571428572,0.7318084908188909,0.8778472659471065
DQN,0.6241205177139127,0.7825446428571429,0.7318637256487556,0.8779601872124205
DQN,0.6240928340305665,0.7825892857142858,0.7319179546535675,0.8780690755754019
DQN,0.6241205177139127,0.7825446428571429,0.7319693202157677,0.8781741432940681
DQN,0.6241374768877092,0.7825,0.7320185657370237,0.8782740540574092
DQN,0.6245784154064183,0.7813392857142857,0.7320573490765342,0.8783312259391328
DQN,0.6244936195374359,0.7815625,0.7320964978139182,0.8783939430983425
DQN,0.6246971296229938,0.7810267857142857,0.7321303957020109,0.8784369362228407
DQN,0.624697129622994,0.7810267857142857,0.7321631997611314,0.8784785424723551
DQN,0.624697129622994,0.7810267857142857,0.7321949620948359,0.8785188278885516
DQN,0.6246926397776907,0.7809821428571428,0.7322264861509548,0.8785535910839913
DQN,0.6246417622563012,0.7811160714285714,0.732257973674734,0.878591482354895
DQN,0.6244158029442273,0.7814285714285715,0.7322958400689852,0.8786240912949222
DQN,0.6231964872498224,0.7845535714285714,0.7323549595881576,0.878745050490315
DQN,0.6230009566474545,0.7849553571428571,0.7324170300838926,0.8788690935174394
DQN,0.6228348545473763,0.7852232142857143,0.7324820703801723,0.8789895580363928
DQN,0.6243911198831297,0.7821428571428571,0.732507913856993,0.8790646093616803
DQN,0.6243911198831297,0.7821428571428571,0.7325330197212876,0.8791375465651288
DQN,0.6240160176447741,0.7826785714285714,0.7325684506110943,0.8792035217644213
DQN,0.6243759055282767,0.7820982142857142,0.7325931959605253,0.8792676894240073
DQN,0.6244205483854195,0.7820089285714286,0.732616259715788,0.879328893762631
DQN,0.6244205483854195,0.7820089285714286,0.7326387068381163,0.8793884659855582
DQN,0.6244205483854195,0.7820089285714286,0.7326605617307628,0.8794464705184084
DQN,0.6245437524472982,0.7817410714285714,0.7326793811866735,0.879498307087412
DQN,0.6245607116210946,0.7816964285714286,0.7326974510622958,0.8795476558590498
DQN,0.6245607116210947,0.7816964285714286,0.7327150624296109,0.879595755294697
DQN,0.6245607116210947,0.7816964285714286,0.7327322325213979,0.879642652244453
DQN,0.6245607116210946,0.7816964285714286,0.7327489777175403,0.8796883912448324
DQN,0.624588395304441,0.7816517857142857,0.7327646449297928,0.8797330146598367
DQN,0.624588395304441,0.7816517857142857,0.7327799337553063,0.8797765628118287
DQN,0.6246053544782375,0.7816071428571428,0.7327946108881342,0.8798179982095294
DQN,0.6246607218449302,0.7815178571428572,0.7328076604233741,0.8798584586566962
DQN,0.6249258339614278,0.7808482142857143,0.7328164897135697,0.8798833576351243
DQN,0.6249258339614278,0.7808482142857143,0.7328251157581399,0.8799076842232437
DQN,0.6250445481780031,0.7805357142857143,0.7328319742194861,0.8799243584746291
DQN,0.6250722318613494,0.7804910714285714,0.7328380644193772,0.879940658023736
DQN,0.6250552726875531,0.7805357142857143,0.732844232713543,0.8799575623851063
DQN,0.6250632521707432,0.7804017857142858,0.7328511560000622,0.8799672696746175
DQN,0.6250802113445397,0.7803571428571429,0.7328577130407505,0.879975798892927
DQN,0.6296858717455264,0.7680357142857143,0.7328078364028229,0.8797126924611041
DQN,0.6307712588685027,0.7651785714285714,0.7327453977739203,0.8793943304464841
DQN,0.6308266262351954,0.7650892857142857,0.7326830960835379,0.8790826707900666
DQN,0.6309221466137278,0.7648660714285714,0.732620638972419,0.8787737470794442
DQN,0.6404674164348007,0.7395982142857143,0.7324452641545978,0.8779460910634775
DQN,0.6408387734393802,0.7387053571428571,0.7322680965991069,0.8771198114331024
DQN,0.6408557326131766,0.7386607142857143,0.7320940723741889,0.8763093432739918
DQN,0.6420241707861921,0.7356696428571429,0.7319088920232587,0.8754581141990287
DQN,0.6348444492150277,0.7568832604760766,0.7325824595838186,0.880294587984502
DQN,0.8132616875182228,0.5,0.5,1.0
DQN,0.8132616875182228,0.5,0.5,1.0
DQN,0.8041707148710694,0.5146428571428572,0.502452362079399,0.9999698749811718
DQN,0.7249507049494325,0.6179910714285715,0.5177135450562951,0.9684594673690232
DQN,0.6489497261832732,0.7154910714285714,0.5407410848336005,0.9236762296357626
DQN,0.6541542586523873,0.7070982142857143,0.5577188517388076,0.8938207378135887
DQN,0.6539926463976123,0.7074107142857143,0.5713126204327009,0.8725334741298091
DQN,0.6487587076023484,0.7178571428571429,0.5833128715837207,0.8578655840514657
DQN,0.6480942992020358,0.7189285714285715,0.593403279576348,0.8464572251016432
DQN,0.6442121376256905,0.7285267857142858,0.6025152572711244,0.8390541081551877
DQN,0.6437265562498385,0.7297767857142857,0.6103731888878502,0.8332161442780968
DQN,0.6427818213781756,0.7314732142857143,0.6172842456540224,0.8284252940318538
DQN,0.6426568724973535,0.7318303571428572,0.6233347079987128,0.8244336306641966
DQN,0.6384554872411232,0.7429464285714286,0.6291120165321643,0.822611271929859
DQN,0.6331063682194502,0.7573660714285714,0.6347558625942116,0.823027728116704
DQN,0.6289683298131028,0.7682589285714285,0.640154053766214,0.8247539713459167
DQN,0.6288496155965273,0.7685714285714286,0.6449849511853136,0.8263138068431297
DQN,0.62820516699226,0.7702678571428572,0.6493770091185426,0.8278891409631354
DQN,0.6281712486446671,0.7703571428571429,0.6533458880475058,0.8293080280198528
DQN,0.6280525344280916,0.7706696428571429,0.6569562962771847,0.830616360782198
DQN,0.6280694936018881,0.770625,0.6602463571595716,0.8317959460337522
DQN,0.6279061365281697,0.7710267857142857,0.663268788241587,0.832901068149373
DQN,0.6278106161496373,0.77125,0.6660518088650732,0.8339256639563289
DQN,0.6278445344972303,0.7711607142857143,0.6686153928677824,0.8348573215506847
DQN,0.6276507487138059,0.7714732142857142,0.6709997718273432,0.8357144465374917
DQN,0.6272292587993639,0.7721875,0.673239326968062,0.836512545799256
DQN,0.626924738282554,0.7726785714285714,0.6753423255704325,0.8372515265971857
DQN,0.6263987482989734,0.7735267857142857,0.6773366969472694,0.8379377230524064
DQN,0.6259727685392282,0.7741964285714286,0.6792275186869652,0.8385735195429217
DQN,0.6252083499150802,0.7754464285714285,0.6810444266035948,0.839169830674133
DQN,0.6244823394838284,0.7766517857142857,0.6827920851885496,0.839733473938929
DQN,0.6243992884337893,0.7767857142857143,0.6844412072508451,0.8402618894996751
DQN,0.623900982133555,0.7775892857142858,0.6860229775261718,0.8407582798749216
DQN,0.6230427879498182,0.7789732142857143,0.6875623905003767,0.84122547081633
DQN,0.6216478792729507,0.7812053571428571,0.6890913082609232,0.8416634231904714
DQN,0.6215648282229116,0.7813392857142857,0.6905442794735311,0.8420770448771605
DQN,0.6205851747962395,0.7829017857142857,0.6919716728159313,0.8424658660657451
DQN,0.6220194696972796,0.7789285714285714,0.6932805525045745,0.8426083965903
DQN,0.6244159476594171,0.7723660714285714,0.694448552290273,0.8423872793862038
DQN,0.6243328966093782,0.7725,0.695566217750964,0.8421772180423126
DQN,0.6240283760925683,0.7729910714285714,0.6966470398151329,0.8419774035932451
DQN,0.6235086207732343,0.7737946428571428,0.6977035645120435,0.8417828801356003
DQN,0.6231764165730781,0.7743303571428571,0.698728848400923,0.8415974042806365
DQN,0.6228442123729219,0.7748660714285714,0.6997249210104316,0.8414203591463527
DQN,0.6227287321983442,0.7744642857142857,0.7006919873172021,0.8411838855830326
DQN,0.6221750585314173,0.7753571428571429,0.7016427245753588,0.8409576934789874
DQN,0.6218982216979537,0.7758035714285715,0.7025670673314883,0.840741126570859
DQN,0.6209846601475241,0.7772767857142857,0.7034917744252323,0.8405335832839026
DQN,0.6211507622476024,0.7770089285714286,0.7043750152114188,0.8403345111515159
DQN,0.61987731281367,0.7790625,0.7052740133947523,0.8401434019044245
DQN,0.6204033027972508,0.7782142857142857,0.7061205830017143,0.8399597871376115
DQN,0.6195727922968602,0.7795535714285714,0.706967515726495,0.8397832344772141
DQN,0.6198403938438283,0.7784821428571429,0.707782502990748,0.83955093033481
DQN,0.6195358733270185,0.7789732142857143,0.7085803800945547,0.8393272300495321
DQN,0.6185095766283708,0.7801785714285714,0.70939260581772,0.839069481990578
DQN,0.620459881614969,0.7750446428571428,0.7101330414737463,0.8386374732287758
DQN,0.6216477683922517,0.7716071428571428,0.7108263145289371,0.838082813467742
DQN,0.6218253396134069,0.7710267857142857,0.7114951586067908,0.8375211489509281
DQN,0.6224805127272238,0.7693303571428571,0.712128774636989,0.8369225723653829
DQN,0.623512277302451,0.7664732142857142,0.7127225682458876,0.8362410946932372
DQN,0.6244325625327655,0.7641071428571429,0.7132787490756576,0.8355074540432403
DQN,0.6236721225621427,0.7643303571428571,0.7138537381927826,0.8347139002114979
DQN,0.6233676020453328,0.7648214285714285,0.7144219508311774,0.8339455385648898
DQN,0.6228139283784059,0.7657142857142857,0.7149914055200134,0.8332011882197387
DQN,0.6226924691354705,0.7658928571428572,0.7155490701648469,0.8324783417247147
DQN,0.6226647854521241,0.7659375,0.7160924353042433,0.8317773996689339
DQN,0.6226076732664878,0.7661160714285714,0.7166220602662525,0.8311040538000812
DQN,0.6232119688589155,0.7645535714285714,0.7171259619891313,0.8304059235710644
DQN,0.6242215398035156,0.7620089285714285,0.7175967320695223,0.829659278501137
DQN,0.6245607232794458,0.7611160714285714,0.7180492458889244,0.8289084688325803
DQN,0.6250632638290944,0.7598214285714285,0.718480919844244,0.8281434740925933
DQN,0.6251480596980769,0.7595982142857143,0.7189003523258534,0.8273935306838077
DQN,0.6260468959092916,0.7572321428571429,0.7192937078198934,0.8265994485670884
DQN,0.6262504059948497,0.7566964285714286,0.7196740071602439,0.8258122615994348
DQN,0.6267020690231087,0.7555357142857143,0.7200372548900988,0.8250163665615563
DQN,0.6274018849940686,0.75375,0.720379566414422,0.8241966930067317
DQN,0.6280632927721322,0.7520089285714285,0.7207029323967443,0.8233530762062854
DQN,0.628807751600235,0.7501339285714286,0.7210058913255287,0.8224865586137622
DQN,0.6292299861262043,0.7491071428571429,0.7212943747298836,0.821619385603219
DQN,0.6298664552472814,0.7475446428571428,0.7215652223754093,0.8207394329714259
DQN,0.6299218226139741,0.7474553571428572,0.721828744886815,0.8198812004617075
DQN,0.630068220513896,0.7470982142857143,0.7220840384978077,0.8190363994837735
DQN,0.6302744756258137,0.7466964285714286,0.7223293885492983,0.8182077205575703
DQN,0.6304610265375753,0.7462053571428572,0.7225666447301627,0.8173869902190857
DQN,0.6304994347304714,0.7461607142857143,0.7227978322990821,0.816586595090941
DQN,0.6306101694638568,0.7459821428571428,0.7230215563939186,0.8158048138029856
DQN,0.6305548020971641,0.7460714285714286,0.7232420078016684,0.8150410044986613
DQN,0.6310423838878487,0.7452678571428571,0.7234466290833115,0.8142935407914126
DQN,0.6310663223374191,0.7448660714285714,0.7236497449964375,0.8135419327758341
DQN,0.6315868222682802,0.74375,0.7238391394255291,0.8127910988140528
DQN,0.6320886182064015,0.7427678571428571,0.7240148037583982,0.8120469352476462
DQN,0.6326136079825659,0.7416964285714286,0.7241770666314972,0.81130642806848
DQN,0.6333887511162638,0.7404464285714286,0.7243188059264224,0.8105818665896141
DQN,0.6330458224065577,0.7409821428571428,0.7244656066874121,0.8098717748446441
DQN,0.6334780368305495,0.7402678571428571,0.7246002255805364,0.8091756810831843
DQN,0.6340040268141302,0.7394196428571429,0.7247208319171085,0.8084940892750881
DQN,0.634353190188083,0.7388392857142857,0.72483175466533,0.8078256132730144
DQN,0.6351210984501179,0.7374107142857143,0.7249256876600985,0.8071607637685494
DQN,0.6360408946647942,0.7358928571428571,0.7249986135428027,0.8065075677876752
DQN,0.6363720986575342,0.7351339285714286,0.7250650190350505,0.8058557780376735
DQN,0.6178861494144691,0.7739404391926505,0.7625458236499191,0.8384441349922304
DQN,0.8132616875182228,0.5,0.5,1.0
DQN,0.8132616875182228,0.5,0.5,1.0
DQN,0.8134624525774211,0.4993303571428571,0.4998881098025329,0.9994035822820492
DQN,0.6656936535189034,0.6917410714285714,0.5267646396057165,0.9398907750950262
DQN,0.5787892926855954,0.8283035714285715,0.5651829956370926,0.9004823489773895
DQN,0.5787339253189028,0.8283928571428572,0.5963711248635766,0.8742100648989651
DQN,0.5777004159247321,0.8313392857142857,0.6223995535179072,0.8563868181906714
DQN,0.5753670292165882,0.8371428571428572,0.6446941265977396,0.8443394306443858
DQN,0.5754161619190344,0.8370982142857143,0.6636482068294609,0.8349893876071077
DQN,0.5755528798691023,0.8408035714285714,0.6797828557223482,0.8295360808593426
DQN,0.5761165334340519,0.8402232142857143,0.6936366147351043,0.8252285980230324
DQN,0.5769188712354579,0.8397767857142857,0.7055638533961901,0.8220028071054938
DQN,0.5719957319735299,0.8535267857142858,0.7165089794308398,0.8215804957002246
DQN,0.5644007671390552,0.8736607142857142,0.7268566429826065,0.8241280027426791
DQN,0.5650976046639061,0.873125,0.7358843050750977,0.8265384678310144
DQN,0.5650422372972134,0.8732142857142857,0.7439327856762995,0.8286476247833079
DQN,0.5654405333736122,0.8725892857142857,0.751094518848933,0.8305139618033601
DQN,0.5656343191570367,0.8722767857142857,0.7575255607702317,0.8321729280434064
DQN,0.5654387885546688,0.8726785714285714,0.7633697921296737,0.8336807957535858
DQN,0.5655432886238074,0.8725446428571428,0.7686748869677845,0.8350467853946241
DQN,0.5658308499668208,0.8720982142857143,0.7734910683129788,0.8362870117570882
DQN,0.5658308499668208,0.8720982142857143,0.7779095282948202,0.8374144902684192
DQN,0.5666506359576616,0.8707589285714286,0.7818945317672719,0.8384400486454598
DQN,0.5675946262177972,0.869375,0.7854738202123386,0.8394099148846829
DQN,0.5814409577362762,0.8470982142857143,0.7874643078457991,0.8403129663273297
DQN,0.5995318724973535,0.8180803571428571,0.7876396913820233,0.841177511235874
DQN,0.6185996956587431,0.7873660714285714,0.786124591354589,0.8419847315396558
DQN,0.6189488590326958,0.7867857142857143,0.7846969925715739,0.8427310655697217
DQN,0.6193793286377441,0.7861607142857143,0.7833369530132126,0.8434383733429208
DQN,0.6190194407542414,0.7867410714285714,0.7821019909208422,0.8440985272645732
DQN,0.6190685734566876,0.7866964285714285,0.7809469087444691,0.8447218381602334
DQN,0.618919430530406,0.7869196428571429,0.7798801809480864,0.8453033679043996
DQN,0.6194561450235365,0.7860714285714285,0.7788438133452988,0.845852392059722
DQN,0.6196392062974111,0.7857589285714286,0.7778603629514685,0.8463664625865994
DQN,0.6233944185781017,0.7760714285714285,0.7768143039058225,0.8463160218103881
DQN,0.6242623370639722,0.7744642857142857,0.7757803047301801,0.8462385092841564
DQN,0.628628079601337,0.7631696428571428,0.7746700599693208,0.8455715514103244
DQN,0.6304260076196556,0.7589732142857143,0.7735515488236768,0.8447638003611071
DQN,0.6400762887016453,0.7346428571428572,0.7721882319825495,0.8428376031235024
DQN,0.6412467272894932,0.7320982142857143,0.7708439886014388,0.840922856633492
DQN,0.6450268782271704,0.7222321428571429,0.7694589629700765,0.8386266782131884
DQN,0.6463464597413,0.7194642857142857,0.768083248840034,0.8363611593103386
DQN,0.6479670721343523,0.7163839285714285,0.7666955720519713,0.834144715926088
DQN,0.6493305518940975,0.7138392857142857,0.7653071958805993,0.8319884658196257
DQN,0.64998423578486,0.7127678571428572,0.7639458932610765,0.829926027930517
DQN,0.6528164178088764,0.7053125,0.7625714659573323,0.8276298900480838
DQN,0.6536214784605023,0.7030803571428571,0.7612356925498258,0.8253285819719796
DQN,0.654361447443302,0.7011607142857142,0.7599343470582343,0.8230451173992849
DQN,0.6543891311266483,0.7011160714285715,0.7586822631082372,0.8208548554622103
DQN,0.6543891311266483,0.7011160714285715,0.7574778733020909,0.8187522040026186
DQN,0.6561020076800954,0.6966071428571429,0.7562785414765016,0.8165549693986138
DQN,0.6568990888485311,0.6945089285714285,0.7551046136402726,0.8143617025574152
DQN,0.6579505576239144,0.6917410714285714,0.7539486092135155,0.8121467968371163
DQN,0.6588833121827222,0.6892857142857143,0.7528118673529401,0.8099228635145953
DQN,0.659733015691491,0.6869642857142857,0.7516966579364435,0.8076906839051178
DQN,0.6615770757900068,0.6820535714285715,0.7505793915545319,0.8053598992813673
DQN,0.6617698613660151,0.6815178571428572,0.7494947185102331,0.8030905864675656
DQN,0.6617144939993225,0.6816071428571429,0.7484467532353253,0.8008995258197571
DQN,0.6625726881830594,0.6802232142857143,0.7473988441676251,0.7987827384142471
DQN,0.662711106599791,0.68,0.746378174433932,0.7967365105889207
DQN,0.6628772086998692,0.6797321428571429,0.7453824935106751,0.7947573722004904
DQN,0.6643444439172258,0.6773660714285714,0.7443634186042787,0.7928420769858805
DQN,0.669974956146085,0.6683035714285714,0.7431731107113797,0.7909890193186627
DQN,0.6705563134963585,0.6673660714285714,0.7419978478809793,0.7891938697035453
DQN,0.6710910275746566,0.6660714285714285,0.7408449747400352,0.7874195748414035
DQN,0.6710910275746564,0.6660714285714285,0.739725506341388,0.7856990464902356
DQN,0.6710910275746563,0.6660714285714285,0.738638011459397,0.7840298771943265
DQN,0.6709249254745784,0.6663392857142857,0.7375866080489761,0.7824098011130027
DQN,0.6716461904646379,0.6645535714285714,0.7365492700949446,0.7807901664389103
DQN,0.6716666392763215,0.6643303571428572,0.7355420356052652,0.7792027565026638
DQN,0.6717005576239143,0.6642410714285715,0.7345612632225922,0.7776575561992263
DQN,0.671717516797711,0.6641964285714286,0.7336062075214255,0.7761540693458576
DQN,0.6717344759715075,0.6641517857142857,0.7326758378489686,0.7746905280168004
DQN,0.6718898535620357,0.6638839285714285,0.7317650406676736,0.7732653657479617
DQN,0.6717853534928969,0.6640178571428571,0.7308809905875099,0.7718758347045067
DQN,0.6721075777950305,0.6631696428571429,0.7300135130864663,0.7705005806952301
DQN,0.6721075777950306,0.6631696428571429,0.7291675738970265,0.7691610475693113
DQN,0.6721075777950305,0.6631696428571429,0.7283423806586617,0.7678558614466211
DQN,0.6721075777950305,0.6631696428571429,0.7275371794084037,0.7665837180105816
DQN,0.6721075777950305,0.6631696428571429,0.7267512522826423,0.7653433781604428
DQN,0.6721138124592774,0.663125,0.7259840836674761,0.7641314182959369
DQN,0.6721370062973204,0.6630357142857143,0.7252347554984907,0.7629458107162314
DQN,0.6721370062973204,0.6630357142857143,0.7245027316519593,0.7617887719938684
DQN,0.6720048225448353,0.6632142857142858,0.7237912626664366,0.7606571467764662
DQN,0.6721744142828004,0.6627678571428571,0.7230930645000132,0.7595416128153099
DQN,0.672191373456597,0.6627232142857142,0.7224101562036656,0.7584509842245757
DQN,0.6722252918041899,0.6626339285714286,0.7217417394671511,0.7573833367409384
DQN,0.6723100876731725,0.6624107142857143,0.7210865529292374,0.7563349177356408
DQN,0.6723270468469689,0.6623660714285714,0.720445212084413,0.7553090432579175
DQN,0.6715237310142865,0.6645089285714286,0.7198298656409552,0.7543545525085702
DQN,0.671371098450118,0.6649107142857142,0.719229926117567,0.7534298996806204
DQN,0.671269343407339,0.6651785714285714,0.7186441366074167,0.7525311749040936
DQN,0.6715915677094725,0.6643303571428572,0.7180656061902262,0.7516335202763154
DQN,0.6715746085356759,0.664375,0.7174992023703838,0.7507559136838728
DQN,0.671778118621234,0.6638392857142857,0.716941247970594,0.7498855083588429
DQN,0.6717611594474375,0.6638839285714285,0.7163947525540567,0.7490341657079387
DQN,0.6717611594474375,0.6638839285714285,0.7158591295913461,0.748200376513754
DQN,0.6717611594474375,0.6638839285714285,0.7153340578051576,0.7473836034255731
DQN,0.6717611594474375,0.6638839285714285,0.7148192284534374,0.74658333080382
DQN,0.6717611594474375,0.6638839285714285,0.7143143447239043,0.7457990636345023
DQN,0.6374575552053958,0.7351936089102148,0.7554204711017435,0.8017457400904313
DQN,0.8132616875182228,0.5,0.5,1.0
DQN,0.7129212937318293,0.6608928571428572,0.5438311523762556,0.997626929649402
DQN,0.63251123086731,0.7312946428571429,0.5855068679491552,0.8948382186343735
DQN,0.635562059144967,0.7381696428571428,0.6123480942069107,0.8586706726428117
DQN,0.6355111816235773,0.7383035714285714,0.6309179161772358,0.8370234677127567
DQN,0.6336761012156679,0.7433035714285714,0.6449658070089249,0.8243520610726328
DQN,0.6346450301327902,0.7417410714285714,0.6554355465902205,0.8153012573418236
DQN,0.6356534118025043,0.7441964285714285,0.6633021607279695,0.8111470463200257
DQN,0.6380968108086464,0.7404464285714286,0.6691177722410406,0.8080253229916339
DQN,0.6277210526633227,0.7689732142857143,0.6753142145142056,0.8116163046859535
DQN,0.628136307913518,0.7683035714285714,0.6803591322639875,0.8145543806176694
DQN,0.6242099703195283,0.7752232142857143,0.6851763564199034,0.81725605929186
DQN,0.6146479082159887,0.7933928571428571,0.6905545364276405,0.820635035174969
DQN,0.6221501864028499,0.7812946428571429,0.6941835500771233,0.823531300217634
DQN,0.6248631873707924,0.7769196428571429,0.6969956280490373,0.8260413965879435
DQN,0.6254168610377194,0.7760267857142857,0.6993947985970783,0.8282377309119644
DQN,0.6250292894708706,0.7766517857142857,0.7015584412717639,0.8301756729625712
DQN,0.624835503687446,0.7769642857142857,0.7035051133771411,0.8318982881186661
DQN,0.6248078200040997,0.7770089285714286,0.7052519433758986,0.8334395753635929
DQN,0.6245509429666815,0.7780803571428572,0.7068305807331559,0.8349961748540938
DQN,0.6240543814853905,0.7787946428571428,0.7083081601897332,0.8363832350910758
DQN,0.6235456062714955,0.7801339285714286,0.7096825455951254,0.8377662049297357
DQN,0.6229582698528645,0.7816517857142857,0.7109719381952094,0.8391573209942208
DQN,0.6226475146718079,0.7821875,0.7121784951778899,0.8404399346382295
DQN,0.6226465144643917,0.7819642857142857,0.7132948713679851,0.8415734326261405
DQN,0.6222342598364451,0.7833035714285714,0.7143395835634566,0.8427538050790961
DQN,0.6226492594907513,0.7820982142857142,0.7152902692570633,0.8437441542219861
DQN,0.6228652389048027,0.7814732142857143,0.7161648778696622,0.8446126647221567
DQN,0.6224400037565848,0.7818303571428571,0.7170158074179123,0.8453625445232154
DQN,0.6220247485063897,0.7825,0.717837674221421,0.8460624323375366
DQN,0.6211717887794831,0.7836160714285715,0.7186670580733105,0.8466744450747546
DQN,0.6208323497076641,0.7839732142857143,0.7194702803351574,0.8472175304965146
DQN,0.6200295228906197,0.7852678571428572,0.7202734717242202,0.8477277016502892
DQN,0.6202402678478407,0.7849107142857142,0.7210183080645274,0.8482052390283709
DQN,0.6194928083974891,0.7861160714285714,0.7217634922184946,0.8486554885562763
DQN,0.6190436347997009,0.786875,0.7224920260225312,0.8490857125860342
DQN,0.6184345937660812,0.7878571428571428,0.7232145951020001,0.8494926812628322
DQN,0.6183961855731851,0.7879017857142857,0.7239021647592855,0.849875852244628
DQN,0.6185346039899167,0.7876785714285715,0.7245480091071309,0.8502393734324856
DQN,0.6178978792729507,0.7887053571428572,0.7251938383392192,0.8505847185609504
DQN,0.61767640980618,0.7890625,0.7258195363751277,0.8509132175855876
DQN,0.6179996343157297,0.7884375,0.7264024362001384,0.8512133101072654
DQN,0.6186126540028746,0.7864285714285715,0.7269481878164287,0.8513768865493564
DQN,0.6197556645032652,0.7844642857142857,0.7274197440477117,0.8515189243022402
DQN,0.618565266119372,0.7863839285714286,0.7279238439248179,0.8516546492661072
DQN,0.6182330619192158,0.7869196428571429,0.7284210534026454,0.8517844731445887
DQN,0.6185223680811727,0.7863839285714286,0.7288863582410422,0.8519012111156384
DQN,0.6186054191312118,0.78625,0.7293292290481207,0.8520130850045611
DQN,0.6178302759975138,0.7875,0.7297863391782994,0.8521203926123032
DQN,0.6176918575807822,0.7877232142857142,0.7302311590714865,0.8522234079157355
DQN,0.6178856433642066,0.7874107142857143,0.7306512451021792,0.8523223834033471
DQN,0.6178025923141676,0.7875446428571429,0.7310587555765699,0.8524175521414351
DQN,0.6177195412641285,0.7876785714285715,0.7314544121388019,0.8525091296063878
DQN,0.6175319901449506,0.7879464285714286,0.7318432942250714,0.8525940299937791
DQN,0.6188054395788829,0.7858928571428572,0.732171401747514,0.8526758430943564
DQN,0.6188331232622293,0.7858482142857143,0.7324870032646004,0.8527547342984846
DQN,0.6185857149310554,0.7861607142857143,0.7328017758692645,0.8528230142250534
DQN,0.6188840007836187,0.7857142857142857,0.7330949518529015,0.8528919741571446
DQN,0.6192653376862209,0.7851339285714286,0.7333647641225084,0.8529615903708473
DQN,0.6192072252931686,0.7850892857142857,0.7336295562938978,0.8530169445789777
DQN,0.6220237039466937,0.7784375,0.7338200267202007,0.8528921209089223
DQN,0.6200367134100031,0.7816071428571428,0.7340702679587285,0.8527684311793844
DQN,0.6213932138939743,0.7794196428571428,0.7342688819679803,0.8526486681079272
DQN,0.62324802067818,0.7764285714285715,0.734402310976082,0.852532647632453
DQN,0.6239124290784923,0.7753571428571429,0.7345108489538419,0.8524201970177626
DQN,0.6259889387492179,0.770625,0.7345691546035169,0.8522029484544359
DQN,0.6280275292426853,0.7650892857142857,0.7345912222130265,0.8518191862751441
DQN,0.6287363249042517,0.7633928571428571,0.7345980317051858,0.851404641290605
DQN,0.632825741799931,0.7536160714285715,0.73452136782658,0.8507640089257774
DQN,0.6346605887880914,0.75,0.7344009334350593,0.8500933616567866
DQN,0.6358015988736494,0.7475892857142857,0.7342574798935219,0.8494000927526663
DQN,0.6366789860657646,0.7452232142857143,0.7341036880858576,0.8486577249159011
DQN,0.638141475841929,0.7422767857142857,0.7339195015008639,0.8478940605161276
DQN,0.6379584145680544,0.7425892857142857,0.7337449326846904,0.8471522118055629
DQN,0.6384844045516351,0.7417410714285714,0.7335604275898236,0.84643014572728
DQN,0.638401353501596,0.741875,0.7333828011515349,0.8457270813878993
DQN,0.6384844045516351,0.7417410714285714,0.7332073766352879,0.8450422784599312
DQN,0.6384290371849425,0.7418303571428572,0.7330377172543328,0.8443750345813981
DQN,0.6399785566646711,0.7377232142857143,0.7328484051642883,0.8436194045574515
DQN,0.6407247603117173,0.7357589285714285,0.7326522466808519,0.8428336560312336
DQN,0.6422573206176493,0.7316964285714286,0.7324378190142071,0.8419659593653988
DQN,0.6426812999625622,0.7305803571428572,0.7322219800221877,0.841092289150061
DQN,0.6429124937314663,0.73,0.7320073062901484,0.840226710393665
DQN,0.6435569423357337,0.7283035714285714,0.7317879957955298,0.8393413735586343
DQN,0.6445193809927202,0.72625,0.7315549641051504,0.83844632383779
DQN,0.6450109414369298,0.7244196428571429,0.7313250799548069,0.8375098921449976
DQN,0.6462681763085928,0.7220982142857143,0.7310731035920897,0.8365776364686602
DQN,0.6468724719010205,0.7205357142857143,0.7308177382966329,0.835632111719246
DQN,0.6470420636389854,0.7200892857142858,0.7305653769682335,0.8346978292408246
DQN,0.6468652370293575,0.7203571428571428,0.7303224455878926,0.8337832980349011
DQN,0.6462212774407285,0.7212053571428572,0.7301007632713166,0.8328780583093391
DQN,0.6462551957883216,0.7211160714285715,0.7298831042565868,0.8319905636219083
DQN,0.646282879471668,0.7210714285714286,0.7296691850792902,0.8311221548417338
DQN,0.646554226252412,0.7203571428571428,0.729455860651669,0.8302569531839984
DQN,0.6465711854262085,0.7203125,0.729246500396704,0.8294090501695632
DQN,0.6467300526546237,0.7198660714285714,0.7290393809415927,0.8285686397730461
DQN,0.6467854200213163,0.7197767857142857,0.7288350565981223,0.8277455574259416
DQN,0.6502790098233965,0.7105803571428572,0.7285897475463389,0.8267516846409075
DQN,0.6502790098233965,0.7105803571428572,0.7283489814159969,0.8257778900939551
DQN,0.6509002645896206,0.7089732142857142,0.7281045742106926,0.8247923270114542
DQN,0.6278245839319405,0.766955107407534,0.7452234400566582,0.8683166518767984
